<annotation>
	<folder>test</folder>
	<filename>cam320x240-BOHO-1665095395688.jpeg</filename>
	<path>cam320x240-BOHO-1665095395688.jpeg</path>
	<source>
		<database>Unknown</database>
	</source>
	<size>
		<width>320</width>
		<height>240</height>
		<depth>3</depth>
	</size>
	<segmented>0</segmented>
	<object>
		<name>BOHO</name>
		<pose>Unspecified</pose>
		<truncated>0</truncated>
		<difficult>0</difficult>
		<bndbox>
			<xmin>28</xmin>
			<ymin>7</ymin>
			<xmax>202</xmax>
			<ymax>180</ymax>
		</bndbox>
	</object>
</annotation>