<annotation>
	<folder>v3-part1-jpeg</folder>
	<filename>cam320x240-BOHOMIPO1-1665133785893.jpeg</filename>
	<path>cam320x240-BOHOMIPO1-1665133785893.jpeg</path>
	<source>
		<database>Unknown</database>
	</source>
	<size>
		<width>320</width>
		<height>240</height>
		<depth>3</depth>
	</size>
	<segmented>0</segmented>
	<object>
		<name>BOHOMIPO1</name>
		<pose>Unspecified</pose>
		<truncated>0</truncated>
		<difficult>0</difficult>
		<bndbox>
			<xmin>74</xmin>
			<ymin>20</ymin>
			<xmax>250</xmax>
			<ymax>194</ymax>
		</bndbox>
	</object>
</annotation>