<annotation>
	<folder>v3-part1-jpeg</folder>
	<filename>cam320x240-CRACK-1665133452064.jpeg</filename>
	<path>cam320x240-CRACK-1665133452064.jpeg</path>
	<source>
		<database>Unknown</database>
	</source>
	<size>
		<width>320</width>
		<height>240</height>
		<depth>3</depth>
	</size>
	<segmented>0</segmented>
	<object>
		<name>CRACK</name>
		<pose>Unspecified</pose>
		<truncated>0</truncated>
		<difficult>0</difficult>
		<bndbox>
			<xmin>62</xmin>
			<ymin>25</ymin>
			<xmax>238</xmax>
			<ymax>200</ymax>
		</bndbox>
	</object>
</annotation>