<annotation>
	<folder>v3-part1-jpeg</folder>
	<filename>cam320x240-BOHOMIPO2-1665095395486.jpeg</filename>
	<path>cam320x240-BOHOMIPO2-1665095395486.jpeg</path>
	<source>
		<database>Unknown</database>
	</source>
	<size>
		<width>320</width>
		<height>240</height>
		<depth>3</depth>
	</size>
	<segmented>0</segmented>
	<object>
		<name>BOHOMIPO2</name>
		<pose>Unspecified</pose>
		<truncated>0</truncated>
		<difficult>0</difficult>
		<bndbox>
			<xmin>77</xmin>
			<ymin>7</ymin>
			<xmax>252</xmax>
			<ymax>181</ymax>
		</bndbox>
	</object>
</annotation>