<annotation>
	<folder>test</folder>
	<filename>cam320x240-BOHO-1665095395633.jpeg</filename>
	<path>cam320x240-BOHO-1665095395633.jpeg</path>
	<source>
		<database>Unknown</database>
	</source>
	<size>
		<width>320</width>
		<height>240</height>
		<depth>3</depth>
	</size>
	<segmented>0</segmented>
	<object>
		<name>BOHO</name>
		<pose>Unspecified</pose>
		<truncated>1</truncated>
		<difficult>0</difficult>
		<bndbox>
			<xmin>52</xmin>
			<ymin>74</ymin>
			<xmax>227</xmax>
			<ymax>240</ymax>
		</bndbox>
	</object>
</annotation>