<annotation>
	<folder>test</folder>
	<filename>cam320x240-BOHOEL-1665095395785.jpeg</filename>
	<path>cam320x240-BOHOEL-1665095395785.jpeg</path>
	<source>
		<database>Unknown</database>
	</source>
	<size>
		<width>320</width>
		<height>240</height>
		<depth>3</depth>
	</size>
	<segmented>0</segmented>
	<object>
		<name>BOHOEL</name>
		<pose>Unspecified</pose>
		<truncated>0</truncated>
		<difficult>0</difficult>
		<bndbox>
			<xmin>133</xmin>
			<ymin>31</ymin>
			<xmax>307</xmax>
			<ymax>206</ymax>
		</bndbox>
	</object>
</annotation>