<annotation>
	<folder>v3-part1-jpeg</folder>
	<filename>cam320x240-BOHO-1665133908501.jpeg</filename>
	<path>cam320x240-BOHO-1665133908501.jpeg</path>
	<source>
		<database>Unknown</database>
	</source>
	<size>
		<width>320</width>
		<height>240</height>
		<depth>3</depth>
	</size>
	<segmented>0</segmented>
	<object>
		<name>BOHO</name>
		<pose>Unspecified</pose>
		<truncated>0</truncated>
		<difficult>0</difficult>
		<bndbox>
			<xmin>70</xmin>
			<ymin>19</ymin>
			<xmax>244</xmax>
			<ymax>192</ymax>
		</bndbox>
	</object>
</annotation>